average_temperature,rainfall,weekend,holiday,price_per_kg,promo,previous_days_demand,demand
22.11474316511455,1.0240761445323339,1,0,2.4354538031037145,0,1293.0,1144
33.63380112395774,0.9950177982873644,0,0,1.0274494653753894,1,1237.0,1217
26.11856328302917,8.82665816834155,0,0,2.76788671228455,1,1478.0,1109
24.47840007758602,4.53373102239091,0,0,2.1917063113162687,0,845.0,981
12.767569315567611,6.245113908599844,0,0,1.327073761967725,0,961.0,946
16.171364573231152,2.6999297643651743,1,0,2.6108652664738465,0,1143.0,1334
29.284997032481332,1.4025523837921892,0,0,1.7143919791212088,1,1116.0,1055
14.125707769324539,0.7084317382881944,1,0,1.9102559928270995,1,1248.0,1521
30.622484211533365,4.399738200770039,0,0,2.0099904236790103,1,934.0,1152
23.19437874048826,2.1612684400713844,0,0,1.8128873529276721,0,1166.0,1010
33.0130664046952,2.1874480042485587,0,0,2.14086069635693,0,1486.0,948
23.260193004956754,0.19362667170234443,1,0,2.484199781192353,1,1400.0,1426
31.774287929926352,5.38013351587413,1,0,1.0620539003572818,0,1337.0,1314
23.595950247589588,1.6380069995623328,1,0,1.8344791187558798,0,1242.0,1242
23.19200203568311,1.0609445585263015,0,0,2.4480385951177763,0,1317.0,990
25.412739799214414,10.195106623511386,0,0,2.835902964293737,1,1333.0,1073
12.579070678308737,2.0222371683084095,0,0,2.374796101061551,0,1264.0,933
25.32349528601223,4.875723907463125,0,0,1.1444903781804352,0,996.0,1081
27.88879544331627,9.53539328198412,0,0,1.8957252573982157,0,1017.0,965
28.873953477127355,9.685450800315214,1,0,1.2665929437582966,1,1618.0,1527
12.892311324438149,2.491106345810773,0,0,2.5549293724561792,0,1154.0,868
10.685904512191609,1.4381690815290264,0,0,2.1482710538631364,0,879.0,1003
15.169319443441815,0.7832683214045322,0,0,1.086739030757006,0,1365.0,1016
32.61322934597155,0.5984460754146234,1,0,2.431134608825203,1,972.0,1405
13.208650013694921,3.8254476933261348,1,0,2.5510210982036754,1,1180.0,1364
10.786525222541337,1.0998357092276891,0,0,1.1491595301595114,0,1179.0,973
32.94880540832126,0.002607822036732243,0,0,2.208170472541369,0,846.0,942
28.483557224141638,1.3679312288934975,1,0,1.3130538298590781,1,1091.0,1459
28.012129899373587,3.3473021556963163,1,0,2.8602508927235073,0,1363.0,1234
23.277419116168335,3.571913981665536,0,0,2.4414516280917193,0,1217.0,897
27.544139228328596,1.2657664799453983,1,0,1.8165907709833549,1,1531.0,1442
27.948793327804392,23.705246329006545,1,0,0.8294636216430594,0,956.0,1418
30.09017155389258,6.2970577458996635,0,0,1.7799985774616653,0,797.0,908
28.708672891208295,4.225953639173304,1,0,1.8444601782335683,1,1255.0,1439
23.61633127755025,4.416189141250888,0,0,2.6431351319287146,1,938.0,1040
24.563573637241845,4.172245234459494,0,0,1.042335878672897,0,884.0,935
15.984353557204795,0.1887945926301517,1,0,2.542858487254752,0,750.0,1129
28.196075625387945,0.5977954685898265,0,0,1.2481725459352062,0,914.0,1044
27.18308566983568,6.594743385036443,0,0,2.864851201906303,0,1126.0,881
27.584487467305888,0.6400467754549782,0,0,1.2011499945984168,1,1170.0,1234
23.64815416797147,9.57813569328806,0,0,0.8914141277295206,0,973.0,969
10.463867741011873,2.2438741415121184,1,0,0.7693142529848941,0,1160.0,1277
30.154004690963863,9.119816336364938,0,0,0.997354001490216,1,1003.0,1226
13.280941892935594,2.305006588192557,1,0,2.5396952501157624,0,1329.0,1355
19.604246031484507,2.5856060143678663,0,0,2.801415065891076,0,868.0,859
12.1248897817431,5.514252206771544,0,0,1.7106930399729008,0,1019.0,997
20.06570324120365,6.864304559160002,0,0,2.295079619425856,0,894.0,831
16.96015765395147,0.990742523731839,1,0,1.8762195063283973,0,852.0,1189
17.913604415832367,10.127433230751276,1,0,2.4675872761800535,0,996.0,1149
11.306538217277215,0.003467137848247654,0,0,1.1607317435806646,0,857.0,1027
24.921673450585423,9.160914282786477,0,0,0.9714662807150614,0,880.0,995
20.681066656743653,18.82049037233535,0,0,1.53348806470323,0,1078.0,1001
22.674144485574615,6.00368528002584,0,0,1.0537705867800593,0,851.0,982
26.92410764713807,9.309626273369991,0,0,0.9222331524904573,1,1197.0,1255
23.398950246793294,1.0992928204885573,0,0,0.8574053192667923,0,1055.0,1013
25.680113317866564,5.980872142555327,1,0,1.6079368238766876,1,1390.0,1456
19.699654452520896,4.474540189991951,1,0,2.6393889357451514,1,1491.0,1475
14.363194796027823,9.20033680235423,0,1,2.408622841789628,0,1011.0,964
22.612999846486378,2.4118227879062766,0,0,1.4142952502584354,0,951.0,997
14.674082315677506,0.7519465243805007,0,0,2.7048571215630313,0,873.0,905
33.267793491203776,13.217123774937548,0,0,1.9267565800599127,0,1118.0,994
19.115858582404613,0.037273877759415014,0,0,2.955094607593295,0,1102.0,931
28.38746612776806,1.9198445186611144,0,0,1.5394685927459943,0,842.0,915
19.133877292870878,5.513525999556577,1,0,2.2534827275642595,0,1012.0,1190
14.758127133806003,5.630233703629267,1,1,2.0662371141751583,0,1001.0,1212
22.2632250929686,2.45361638981731,1,1,0.9192388401736321,1,861.0,1508
31.257784492639857,1.298427738879859,1,0,0.6881551473332737,0,974.0,1329
32.15990603568309,0.24765385416513197,0,0,0.5735705262919305,0,1466.0,1009
16.720383119063328,6.935583884351631,1,0,2.721350053267763,0,1298.0,1210
27.704018478805914,0.6357784382977225,0,0,1.1436371778729826,0,1009.0,965
34.0617318634997,4.43364096325611,1,0,0.6644269419191365,0,989.0,1326
25.22739300076264,13.29380108267847,0,0,1.9746723833262023,1,888.0,1073
23.62361671685068,6.490142718719021,0,0,1.7083251353650948,1,1198.0,1158
17.265772739230794,2.3123867234770805,0,0,2.0142089094997537,1,1081.0,1061
12.946276616999457,9.17684277410514,0,0,1.547872145386641,1,1186.0,1116
26.102976692730103,14.643975928546979,0,0,0.7775124526766133,0,1305.0,1038
18.548716065185786,7.788481602545722,1,0,1.6997321117957127,0,970.0,1180
31.64469238817974,10.254597872725036,1,0,1.0988527232074983,1,1289.0,1616
21.763093630039833,2.068923722046278,0,0,1.6481774641927047,0,1170.0,880
26.764777530082753,2.2398710547606213,0,0,2.3401263042407194,0,978.0,915
24.996037221699524,3.631414340944005,0,0,0.5968240090254056,0,1091.0,939
22.664520506425404,2.0750396692780626,0,0,2.445743350829579,0,938.0,974
17.363910789686475,18.680446275930983,1,0,0.685414724121923,1,1257.0,1501
15.389852583514518,7.763656659455894,0,0,1.6751958239424753,0,923.0,945
16.315788060686025,3.7388108707479133,1,0,1.8600454298026299,0,1265.0,1162
27.08500329159578,2.031338682695229,0,0,0.6484163366240293,1,1167.0,1249
20.705253286208773,0.7351537321149505,0,0,0.7252340173888613,1,1298.0,1200
21.68270166341744,1.195818756301228,1,0,0.6928749294379852,0,1322.0,1305
13.658149854102144,9.380375987411728,0,0,2.563229987485851,0,981.0,858
10.811320240850474,0.9216385478611672,0,0,2.851857803529823,0,1117.0,925
28.432412109446496,3.247212603636624,1,0,0.6800841790716381,0,1393.0,1380
22.340729868925052,0.20709300790358223,0,0,2.7554000694439877,0,973.0,938
29.67711568545293,2.6280707528855944,0,0,1.646678174906941,0,941.0,914
31.73643613229873,19.65768113141626,0,0,1.2730758758502123,1,1381.0,1102
12.672613527551047,21.61190111468695,0,0,2.6815576025025027,0,1005.0,920
20.228472620420195,8.500276357896295,0,0,1.0572735831173294,0,1028.0,1004
10.679424664033961,7.369950183223137,0,0,2.5822358304863173,0,939.0,993
26.744041776005762,6.608963741317111,1,0,1.8945744612267403,0,1245.0,1193
25.138812487847655,0.7648360344172562,1,0,1.5716850677897685,0,944.0,1282
24.071250846860288,7.419031011425703,1,0,2.4946279043326154,1,1378.0,1408
17.569120043165412,0.709762559003524,0,0,1.4823903472165152,0,1239.0,926
33.69592974174126,9.225060292819661,0,0,1.6044659998141544,0,957.0,848
25.32155653520958,11.026010927076012,0,0,2.186630884754471,0,908.0,897
13.790092661467861,0.5860876724888834,0,0,1.2863414516805864,0,1300.0,916
17.805810301594477,2.4229152470419306,1,0,0.6689487502411744,0,1306.0,1294
28.517834568434495,2.2319614251391005,0,0,0.5794859484427681,0,1102.0,1117
22.242726564586377,1.7192899128083612,0,0,1.0847039563195309,1,1234.0,1172
11.332904820484963,0.9355567196888326,0,0,2.8604243482933223,0,1439.0,1023
15.105642947320064,1.8228393737186968,0,0,0.5735253184418048,0,1095.0,939
11.14747704261077,2.597927785941818,1,0,1.033419745141579,0,933.0,1340
11.618062897725864,0.3547639907892025,0,0,0.7591700727491129,1,942.0,1250
20.793602960180053,0.038717199060262796,0,0,1.4785819692978297,1,1201.0,1169
21.064256617230257,1.4285870213293104,1,0,1.673017632231716,0,1022.0,1306
20.266422459114388,1.768371417111895,1,0,0.7074811396916876,1,1323.0,1618
11.26357150885778,4.475095192234603,1,0,1.1098696298398452,0,940.0,1322
24.86700667593591,3.547917070517139,0,0,2.688667590669038,0,856.0,971
32.384404005119194,4.515224439191149,0,0,2.7014540952907105,0,858.0,909
13.441347287305701,8.621842275886033,0,0,2.1030204963992234,0,1379.0,854
25.747149674633516,4.743877714914762,1,0,0.9439306257591801,0,856.0,1341
11.074739479417525,1.5070074699532823,0,0,0.9452705869349858,0,1162.0,1021
18.744782730137622,0.5640096360969943,0,0,1.4229451579543126,0,1236.0,948
32.81302826721009,5.901683480217916,1,0,2.6953197173564925,1,1450.0,1311
34.65823433963601,1.9597929252330921,1,0,2.66960927889959,0,1243.0,1204
13.951137072841396,0.5406657786067335,0,0,2.423849632149742,0,960.0,882
29.94272046457204,8.283631628777641,1,0,0.7330580940849697,0,948.0,1306
30.258424819529,3.2462350502713164,0,0,2.3963853805024047,1,1478.0,1176
11.47771156013203,1.3759067624243848,0,0,1.4843044376342065,1,1115.0,1153
10.930916834043396,2.5306655480610836,0,0,0.9123772733474397,0,1116.0,985
24.06583606862331,3.045778818617731,0,0,2.4860282670212737,1,1147.0,1226
20.94132691830786,7.967968433534033,1,0,2.2555120972250453,0,1048.0,1137
13.908268604724135,4.070783908673771,0,0,0.9880001232102044,1,1223.0,1136
19.998688175303087,11.322787239504905,0,0,1.503574649456277,0,924.0,1083
24.915242397230834,1.0646373164673402,1,0,1.691878269270005,1,1299.0,1579
34.62204775103682,10.435105036707718,0,0,1.3548924020258868,0,882.0,909
30.58472685635918,6.786844618818696,1,0,2.5024636658836807,0,1145.0,1145
25.539376170341782,0.2407794479919648,1,1,1.9248973529947317,0,1255.0,1248
30.05549596171559,7.461992058622803,0,0,1.125930688675532,1,1238.0,1323
31.27409076518518,0.46501810656137904,1,0,1.1535537650120005,0,1118.0,1345
10.332114245209345,1.5795803070841443,0,0,1.378579149816448,1,1146.0,1286
15.474658269575588,10.239958558592665,1,0,0.890950198478215,1,1080.0,1495
16.552451342759863,5.519420113245831,1,0,2.9994109432131033,1,1272.0,1388
15.931176792232371,1.6322898592613397,0,1,0.8146743190321655,0,1031.0,865
15.667790353296514,0.614096596165131,0,0,2.18812959994416,0,960.0,826
27.745310868347556,0.09645175711927134,0,0,2.5431812297946705,0,865.0,890
34.729554146544935,2.438962978029909,0,0,2.7581014225113627,0,1373.0,888
14.958195246071673,1.0203126845714159,1,0,0.8154931199159018,0,935.0,1292
29.434835286571413,3.683729295100947,0,0,1.4275059165086672,1,858.0,1199
25.896025803118338,11.895597276684168,1,0,0.7321241998724437,0,1029.0,1363
21.664543729980238,6.976918000945359,0,0,0.6162383388546082,0,920.0,886
21.46605732067986,7.632338887871397,1,0,2.3915996089234026,0,1095.0,1207
28.6033317426384,4.099629722840205,0,0,1.0091149206212182,1,970.0,1182
11.853743947858899,11.480659106756516,1,0,1.1174386447592197,0,1232.0,1327
26.25575311385835,7.751949555030456,0,0,1.430095115136345,1,1255.0,1180
25.813047670772495,8.366598110223576,0,0,1.531096777931356,0,982.0,948
30.96141502119152,6.074535793336788,0,0,1.1586730988966796,0,945.0,929
19.92590245310935,1.1212721148364566,0,0,1.786122076735114,0,911.0,971
18.63781711198274,3.671221954381924,0,0,2.8722810020819676,1,973.0,1136
26.670115124755675,8.776869602134242,0,0,2.4963664805875103,0,1063.0,965
29.566845376224784,0.3492332488171241,0,0,0.6526189769081145,1,1095.0,1123
27.038558704621394,14.459411157605347,0,0,0.6654524582638771,1,1153.0,997
13.057525822125633,8.654112669269297,0,0,0.7385820333409521,0,916.0,1063
19.75280545546412,2.6343675122644465,0,0,2.094652298343636,1,1127.0,1022
22.61918555812303,2.3197766505394943,0,0,2.611335141667464,0,1263.0,833
16.625102620108976,4.505129358127348,0,0,1.701255319549259,1,1305.0,1150
23.793731597839802,1.0207697516516858,0,0,1.6842074764179489,1,1153.0,1116
23.442156866489093,1.5686053892944827,1,0,1.9393282046528635,0,955.0,1293
29.7203257030435,1.8401788201290536,0,0,1.8962678141275027,0,947.0,993
14.619912315368897,2.1285817745561717,0,0,2.478148496045344,1,881.0,1053
27.655174701553385,6.198977521376571,0,0,1.7614600806077565,1,863.0,1161
32.19601293213941,4.5865907581365954,0,0,1.6167696220910093,1,970.0,1189
17.537834053573533,9.73548574643978,1,0,1.8700999015674895,1,1386.0,1394
10.819369602240485,3.9582009569783896,0,0,1.0733642379614086,1,1156.0,1238
29.608416737450373,4.996666849097641,1,0,1.6843315215952486,1,899.0,1400
33.297105758965856,4.825318032368528,0,0,1.4735748536800903,0,826.0,937
20.55869234062945,2.664046186028206,0,0,1.4488503437693279,0,905.0,944
19.875677383280994,6.903822798286877,0,0,0.702005347358712,1,875.0,1278
15.232221993740808,9.002818114535767,0,0,0.9420272963039189,0,1388.0,1029
10.997328360162308,8.138941662755553,0,0,1.2957782950304524,0,913.0,916
13.576072191326594,1.9639759111859825,1,0,1.4199915084591814,0,951.0,1371
11.248774657151733,4.944419038109428,1,0,1.1078858623642291,0,1351.0,1390
28.45964090467007,3.8143498551100996,1,0,0.7677531661357889,0,975.0,1257
21.615994290001442,3.012986289734366,0,0,2.208629551082142,1,997.0,1084
34.96435017085285,0.6202609822425074,1,0,1.2848889775807497,0,1387.0,1280
26.808324917657078,8.374622253449054,0,0,1.178079146014126,0,1026.0,972
17.778406255905065,16.923039759210972,0,1,1.8981903321701368,0,1096.0,763
18.22646362447933,0.9844705040108758,0,0,2.4184746539759274,0,997.0,969
19.982847476815905,1.2116723517095171,0,0,1.1077980992372778,0,947.0,941
25.80207309017491,16.888156050602518,0,0,0.7588220820651085,0,971.0,1048
18.024055099437504,7.544060653211472,0,0,0.6107032086465538,0,994.0,1078
27.308052120313707,0.5302948753029406,0,0,2.2469681649524036,1,993.0,1161
28.667883535392292,0.05062298358258458,0,0,2.228321427385139,0,903.0,938
11.607180264588784,0.11848179139237726,0,0,1.6937477545865898,1,1042.0,1147
33.912292436836196,0.8398310270830533,0,0,0.567729004174212,1,1109.0,1277
20.607495369789675,0.2873770905238927,0,0,1.8262145162432635,1,1077.0,1019
21.195403219331585,0.2642697862969872,1,0,1.7646966889232325,0,939.0,1264
21.151108457479502,1.247829710694164,1,0,0.8981260125681179,0,1151.0,1286
12.947528215578634,1.4453743217302377,0,0,1.3737800863562333,0,865.0,936
21.034216358448866,2.3394115074100137,1,0,0.6538515421230473,0,1297.0,1203
16.135642661730444,13.049491610814592,1,0,0.5633493149357744,0,1525.0,1285
21.10855979213403,6.221089366938369,0,0,1.0938639194932285,0,1016.0,1064
25.06293881250646,3.425074734330609,0,0,1.5665285536868798,1,1035.0,1088
14.39955499130891,2.338495414561211,0,0,1.7072027216892898,0,979.0,1028
31.89402283289066,4.373027429529016,1,0,0.5216735440171344,0,964.0,1383
11.527016848999393,8.413908726206884,0,0,1.382354261312578,1,1169.0,1080
31.025457785704493,4.940760796841437,0,0,1.2275136432927267,0,1557.0,965
16.495027458371865,0.7191399472843096,1,0,2.457282696010234,1,1468.0,1478
31.188820598112805,3.0182871594273513,0,0,0.6563793149603503,0,1314.0,1071
14.21604994887992,5.035981908918013,0,0,1.8990159435539087,1,1538.0,1183
24.510432988677124,0.0789747305444405,0,0,1.9817294759122057,0,1298.0,866
17.475590276543834,4.0333565324990275,0,0,2.3802283041263745,1,1176.0,1089
11.202433940427294,7.892840379970929,0,0,1.7451181245800127,1,1071.0,1045
28.60423213679894,0.1236750163760928,0,0,2.2657405852038575,1,1055.0,1146
18.803642383309615,3.064511240053857,0,0,2.144633126465541,0,988.0,936
25.62034833495055,1.0895017728300622,0,0,0.6880926626605518,1,944.0,1206
25.637978764154692,0.11328152426187801,0,0,0.7417837871109396,0,1059.0,1032
33.99236513452772,9.961019081827244,0,0,1.9877832570760308,1,1349.0,1147
12.020733185615843,12.778310569742802,0,0,1.9533166944379852,0,1167.0,960
33.23824516691508,2.373786326601087,0,0,1.1641140978256541,0,1098.0,970
14.760058319475675,27.255958590813552,1,0,2.730618813103401,1,1160.0,1491
20.54239564833471,0.9030252670650918,0,0,0.7168077457559275,0,1119.0,940
12.823793208510217,13.965168019078018,0,0,1.3301740591498,0,970.0,860
32.35927104239801,2.241575761424642,1,0,1.0956742270746165,1,1457.0,1462
25.901728325701384,1.5379413722367161,1,0,0.8245154488080116,0,897.0,1372
12.319252364295544,2.2324626044211966,1,0,1.3495102038746998,0,1340.0,1352
19.215801707475563,1.7870588099724336,0,0,2.254228267554209,0,985.0,975
21.01548004494532,8.476546153191745,0,0,2.9186976840949703,0,796.0,953
18.94349133419194,2.580221643835946,0,0,1.1851440694840334,0,995.0,996
10.632952479377144,8.769061096995427,0,0,0.6818339849077867,0,951.0,995
31.2217222120265,0.7311280141925511,1,1,1.4661519899198188,0,1280.0,1264
18.422004592291422,0.5245632421149872,0,0,1.163535285172754,0,863.0,1033
31.809307048691213,7.6795569875883585,0,0,1.8841642993411223,0,1192.0,857
15.034466596281035,3.590906195029813,0,0,1.9119507586560514,0,1200.0,1011
16.40388893509593,0.7180986281952391,0,0,1.6079456085193264,0,888.0,847
19.77876384629731,3.4359799126724297,1,0,2.4394295873993412,0,1268.0,1195
10.276575914475005,3.871799924673765,0,0,2.063361248026882,1,1030.0,1196
17.209030485013248,0.7228397675345692,0,0,2.200127642425646,0,938.0,925
14.043159216240173,3.4555955216127066,1,0,0.65900385777035,0,1182.0,1267
13.665966297233016,6.237499356081893,0,0,1.439765372221696,1,953.0,1056
16.67429932776833,1.7428522604927053,0,0,2.8520594920330846,1,1281.0,1085
22.81834347973104,2.6045496483211483,0,0,1.9958965656744452,0,1004.0,839
29.715819725480817,1.2420316771257476,0,0,1.7200073270276535,0,913.0,877
34.18644365283986,6.14396335712455,0,0,1.8500169856783564,0,1032.0,990
15.160287111674755,10.31466380884742,0,0,1.3109252658892854,0,1342.0,1045
11.14580975227736,8.805705576227187,0,0,0.9497198641968779,0,1314.0,984
28.611676850989127,2.1387865313666654,0,0,2.6755374118818707,0,942.0,910
23.965128804532995,1.5561696080349559,1,0,1.3506694976196905,0,1306.0,1302
11.359163791461562,6.484096860760551,0,0,1.599666559247999,0,980.0,997
13.372429144884102,4.356301040711896,1,0,2.3146191996241967,0,1141.0,1258
27.0943969548191,3.7265363461480554,1,0,1.3615863894565816,0,933.0,1221
17.851171827417108,1.6573393149414968,1,0,0.8423356486089811,1,1211.0,1588
23.05533600794081,3.7811751051665183,0,0,0.9345593656980867,0,997.0,1009
27.184644482419568,0.3750338169479126,0,0,1.3024083247519038,1,1286.0,1138
24.89230548253112,2.8910361390269026,1,0,1.2075983918243138,0,1578.0,1373
25.220220816364225,3.221190667686807,0,0,1.0142335466916579,1,1340.0,1153
21.26873526568447,1.2574058757398432,0,0,1.966190620325245,0,1139.0,996
28.915828591023267,9.882328801244517,0,0,0.535247077050667,0,997.0,981
20.275178200276393,11.226204843502623,0,0,1.4334790800670594,1,1203.0,1234
22.298090789197843,6.021622136803087,0,0,1.1705227284820239,0,1139.0,1050
26.423268760083374,7.879262105254204,0,0,2.5047489934062717,0,942.0,860
14.880682980707801,0.3477666138032913,0,0,2.1083337935253694,0,890.0,934
23.938396800136474,1.1744144703175192,0,0,2.031992182697638,1,916.0,1113
23.126894469879268,1.3706011826458966,1,0,1.2046807993097615,1,1433.0,1341
20.952697377904002,1.922474362579193,0,0,2.549973553638261,0,1002.0,992
27.624718155071694,3.59924907737423,0,0,2.8872054993266745,1,1506.0,1124
13.431667634871927,3.8026214562653844,0,0,1.4334665833698017,0,932.0,967
10.014829532619801,0.28489327963255234,0,0,0.8763716491299979,0,956.0,1024
13.18722205289915,1.180448608455311,0,0,2.8348767068428056,0,1341.0,848
15.573845113260218,0.8997991710475749,0,0,0.7730606456352129,0,917.0,914
21.38520204398116,11.510400839986607,1,0,0.7379312523986853,1,1201.0,1509
20.50132283488924,5.419655677785893,0,0,2.822343901114075,0,1195.0,908
33.416315106220985,4.864565290531468,0,0,2.7286088140135836,0,923.0,951
20.626658114450166,10.074780865256068,1,0,2.75609010461463,0,1261.0,1141
30.049132341073577,2.5326930025021155,0,0,1.2563008573321728,0,1052.0,1042
21.531429107907233,4.720780893431924,0,0,2.201258854178193,0,990.0,920
21.508835656062057,0.7709168333372242,1,0,1.571015534248537,1,1165.0,1553
32.06751210630817,2.7344544941392606,1,0,0.7623172368442895,0,1420.0,1397
26.301930083585027,3.628922465546819,0,0,1.0520383093110923,0,1146.0,951
27.253663486913123,2.5560136183827558,0,0,1.2900135984525978,0,1338.0,1095
23.752048273229143,2.078506205011644,0,1,1.516000726381551,0,933.0,908
28.73086509243093,1.515557341799897,0,0,2.1019056208045956,0,940.0,942
10.817924966300698,0.19610156745901963,0,0,2.997353458176055,0,1294.0,930
22.839119603637062,11.539694881995178,0,0,1.4467915828493443,0,920.0,971
29.277602732211943,1.0013437241723415,0,0,0.9400835404980004,0,939.0,938
27.131028992274807,8.003364672247086,0,0,1.9266483425641248,0,943.0,914
23.807518134850422,21.556731575672707,1,0,1.738674384764617,1,1495.0,1445
10.37945808550067,3.452501095123596,1,0,2.5737580553165627,0,1249.0,1184
22.133972898949523,2.9377147521798443,1,0,1.5564140511279763,0,1147.0,1249
19.9823306626343,5.399661893720515,1,0,1.5440041388775676,1,1127.0,1531
25.803962009945824,1.9937290478567031,0,0,1.4497932558484545,1,1071.0,1200
29.53224207010806,0.6853320876166381,1,0,2.755477738116662,0,941.0,1262
11.861361291857847,1.5956544395022687,1,0,2.3354050704940184,1,1612.0,1457
25.14534188367721,23.786902336229083,0,0,1.1260448919679336,0,1334.0,1002
17.880718389984416,9.015030865586693,1,0,1.6659979783677699,1,857.0,1525
15.497828318359074,11.488235848391152,0,0,2.589911315053593,0,1228.0,916
27.111428047833936,5.77144429050123,0,0,1.8656399578546665,1,936.0,1190
16.821125519661663,0.3913056272730037,0,0,1.2361285262752904,0,890.0,905
12.006275320207973,3.7613160939480546,0,0,0.8067501552557126,0,901.0,1018
16.58021829374526,19.06615058744145,0,0,0.5340851244477068,0,1164.0,917
21.69872568431309,4.140570443598473,0,0,1.953083252931667,0,1275.0,884
34.233592354674016,3.11310672560001,1,0,2.751785999743009,1,1085.0,1366
18.84763758648288,2.7662136095637244,1,0,2.379528206284924,0,1222.0,1254
10.504695286945719,0.7329484282820222,0,0,2.4348533479324646,0,1258.0,890
15.20630550245284,0.33499346111740796,0,0,2.1469331415691286,0,888.0,943
27.671993896678146,0.34352332157282733,1,0,1.5167561245264616,0,1371.0,1296
33.93343322903702,10.258339268420047,0,0,1.7561263849946656,0,1280.0,988
33.85269385042161,0.18770335683325537,1,1,1.8403877035689211,1,1312.0,1506
26.47144578652724,2.017115817042967,0,0,2.279574868877024,0,1041.0,883
33.01159249480884,11.22938724748904,0,0,2.180493214672248,0,959.0,900
19.369033645554175,13.151557040640503,0,0,1.4357563870503547,1,897.0,1205
22.14976889259438,5.921709427765921,0,0,1.833792233907861,1,1316.0,1257
11.111482965790621,7.468521086064173,0,0,2.4427032967063376,1,1101.0,1185
31.513612425076705,5.044564808144423,0,0,1.708411242604582,0,957.0,964
21.200403346367526,0.584068755414851,0,0,2.0003722410927436,1,1172.0,1165
19.158167368548924,12.852979601662561,1,0,2.8621230075042203,0,1204.0,1155
12.166186371451445,4.646693436288193,0,0,1.9496981682418406,1,1456.0,1171
15.462726894205355,9.817560896318996,0,0,2.8285048077731116,0,1285.0,905
31.28679473681435,0.49279079348864935,0,0,1.3091658895866511,0,1093.0,913
16.17202047376568,5.9424538314478035,0,0,0.9215269114914781,0,905.0,915
34.533012056491245,2.1204772490276995,0,0,0.9701305479204202,0,991.0,1069
22.06195833556687,10.737843975927577,1,0,0.7688321285894041,0,1127.0,1221
20.111017624112453,16.97568932124494,0,0,0.9055619017615085,0,901.0,1001
23.75847133816412,0.37861817298507217,1,0,2.1048854299340354,0,1221.0,1222
16.249603713002717,2.0893722170306814,1,0,2.4323606242530538,0,949.0,1205
26.828811925580624,0.9832865177366226,0,0,2.0375345610609243,1,1105.0,1119
17.59982666839292,1.2296230063829188,0,0,1.9396639547566754,0,831.0,933
27.611085963144145,6.751558397308493,0,0,1.582344357407655,0,915.0,858
16.29780292459223,10.961063589359242,1,0,2.3520646703911408,0,970.0,1263
23.28322266488905,2.9285161817653984,1,0,2.4777249622788133,0,865.0,1160
26.539811126891504,5.628248501098757,1,0,2.6845261032026997,0,909.0,1298
21.422700576276164,1.7192367101420414,0,0,1.2180186233469223,0,1141.0,920
14.535993365657262,3.3177161462519145,0,0,2.19399056308845,1,981.0,1102
15.230447783067172,6.202034311815716,0,0,1.4952290583433818,0,985.0,982
27.99647527403747,0.22763128927262885,0,0,1.6858089912682757,0,1007.0,952
17.110231400536662,6.885321649888679,0,1,1.81476980438618,1,877.0,1192
18.33554869633307,3.2868713539394525,0,0,1.6763057003389596,0,973.0,949
18.743472042994796,0.9138897401803847,1,0,2.3949619335603103,0,975.0,1293
23.355965141771094,20.119521763799717,0,0,2.1145710473782073,1,1105.0,1082
23.684968611981347,11.399842887178263,0,0,1.6769264173421052,0,1113.0,952
17.6958200655208,5.767860373415602,0,0,2.7339231335037715,1,1321.0,1118
12.755796663122329,15.867859962515766,0,0,1.255321736582085,1,963.0,1119
18.812434865068308,2.923372953852705,0,0,2.026415340053215,0,810.0,904
31.513457598896153,0.5709279058524341,0,0,1.6900517913396345,0,837.0,863
11.720411839915093,1.1595940185404614,0,0,1.0959760042110056,0,976.0,920
29.6724423004753,12.810192871830568,0,0,2.625654979599218,0,1029.0,787
24.844697840399718,8.934125403054512,0,0,2.386422464863617,0,997.0,888
10.265837192133041,17.609177220640497,0,0,1.179601795524256,0,930.0,998
16.329498937152696,5.105784929515103,1,0,1.7535276957580872,1,1471.0,1442
26.253760587218135,6.318119791963396,0,0,2.9077782687344804,0,1010.0,945
26.271780097184685,4.305183528838492,0,0,2.209861721624101,0,1162.0,909
29.5356010388294,1.1306344262182568,1,0,2.0919185390509494,0,890.0,1195
32.21784582350726,6.630491097518756,0,0,0.660443316019855,0,996.0,997
19.317879219074825,3.5894999791786217,0,0,2.3762552084667066,0,920.0,903
23.80947547425923,0.2436029468263664,1,0,2.4922056042299525,1,1179.0,1468
11.258523067526665,7.329452962595864,1,0,2.4570010139850065,0,1286.0,1141
18.341417422040678,7.73633119883077,0,0,1.9257818727622997,0,1368.0,1062
21.802165412284186,1.8515182293169263,0,0,2.7800296970401654,0,1296.0,839
25.431189839055087,11.821851226036744,0,0,1.6929995505687132,0,1056.0,1047
27.70368587705555,1.452906856584271,0,0,2.0650295894163118,0,1535.0,953
29.189758591167298,0.6652877961570447,0,0,2.9761563982071757,0,834.0,842
17.51358507868949,12.392549451194236,0,0,2.7844928311700805,1,1245.0,1091
30.815973650403517,3.5379389713900085,0,0,1.537782797904363,0,836.0,970
19.26145830223851,0.4383814827664386,0,0,2.6104223019827923,0,979.0,880
16.922362768482596,2.971017072569764,1,0,2.8046731779558884,0,1263.0,1248
30.61208052734285,0.01923490584386571,1,0,0.7742768941458635,0,1165.0,1317
12.246555476452222,0.9790367205881262,0,0,2.80077317916132,0,1014.0,944
17.82817306123518,1.3781916232921623,0,0,2.0267516579774485,0,1203.0,901
13.08957760398295,0.4960702185338947,0,0,1.4902021719306315,0,1085.0,1022
25.605450414723613,0.520589993720693,0,0,1.414553055781109,1,1006.0,1154
19.38351717109096,11.360517697177986,0,0,1.5654662510645863,1,1119.0,1115
17.093957170956926,3.2606940831965288,1,0,1.9014794436029523,0,995.0,1463
13.758642307267884,6.688315819542727,0,0,0.7467491217655179,1,1311.0,1167
31.960398104621852,1.2238129156863666,0,0,2.650550162502815,0,903.0,865
22.53310796621997,1.5761646962694664,0,0,1.9110715864063654,0,1379.0,895
19.137028311930443,3.693637465554107,1,0,0.6460825259736303,0,1405.0,1298
11.29210843424671,1.7466542725364635,0,0,1.8450501739359795,0,854.0,888
15.257161807323207,4.286324727875227,0,0,2.1325689337336073,0,1071.0,954
24.40929613117146,1.8590917268031995,0,0,1.410790484804445,1,1426.0,1176
24.55903800400447,21.64290929126947,1,0,1.0375186272808334,0,1227.0,1341
20.805205618481025,2.6028566411328513,1,0,1.7648467804158043,0,1013.0,1200
22.093453802858605,20.97361967317162,0,0,2.5239928984677107,0,1303.0,979
27.886197660369113,5.599350389578222,0,0,1.8151577405970594,0,866.0,894
18.146871489687292,9.435933583692783,0,0,2.5777033848969846,1,860.0,1112
18.327745179452066,2.7040613475950224,0,0,0.8653636757522121,0,986.0,1073
22.093678807239055,10.264059009325814,0,0,2.6121552196187405,0,982.0,829
25.791628220775912,1.524529621062347,0,0,2.5953736214988243,0,1054.0,986
30.93132384964705,7.311282016693761,1,0,1.5046674414022096,0,1128.0,1324
24.945704423190627,14.739150330522989,0,0,0.8206875016420723,0,897.0,957
17.35534222950139,1.8797852021137889,0,0,1.7464802101527535,0,1123.0,1040
33.80621045542813,6.22129781286095,0,0,1.8689061078864786,0,900.0,909
19.06405078265554,3.994305933846594,1,0,2.511902565990512,0,928.0,1141
15.129225723067451,0.6032810109328186,1,0,0.5499633320963268,0,965.0,1289
19.286566691645113,5.02583417473958,0,0,1.8729285697476965,0,1242.0,940
34.200772171449046,6.821621494018704,0,0,2.2053301829855627,0,1222.0,799
20.00694958576357,0.48189285505129653,0,0,0.794236801471961,0,1010.0,966
14.36672170690981,1.9771354936589793,0,0,2.885855085868928,0,890.0,834
17.289197874951363,13.183482709792882,1,0,2.8725294150279352,1,1082.0,1378
11.675535001183867,3.1972409487631754,1,0,0.9099949226641704,0,1027.0,1301
28.20794152172128,0.5802458252908094,1,0,1.861841756116219,0,1034.0,1289
21.616046891003755,13.765339660871083,0,0,1.2664451491092552,0,1352.0,970
11.161176058174648,1.0514715374365178,1,0,2.6598118170747087,0,1286.0,1174
24.511146065573193,0.028732898156119815,0,0,1.560091181122052,0,881.0,970
10.104568960066038,14.191683587071571,1,0,1.7005343703715456,0,1195.0,1246
31.926461153027628,0.8911219878014005,1,0,2.2931085987243245,1,991.0,1390
12.933290443854311,5.834877062429583,0,0,2.5721266049858404,0,976.0,944
29.713466028616867,2.0714945046022812,0,0,1.6044368822281787,0,910.0,937
11.481273509054779,1.628594421473196,0,0,1.281507148174299,1,1044.0,1285
33.49860838138448,3.4535524029562295,1,0,0.6096354525120296,0,1343.0,1259
32.86277254054261,8.284591050242051,0,0,0.574668481302642,0,848.0,996
31.133377088452008,6.853258541297108,1,0,2.470983215253006,0,839.0,1209
23.803241939713345,2.7976528523683557,0,0,1.8812402410085216,0,908.0,902
19.735053023615812,2.8097264687091794,0,0,2.849449918595072,1,915.0,970
10.197949805923498,1.336706742176525,1,0,2.7092739736778553,0,1136.0,1243
18.039958136818733,2.211651253332693,0,0,1.0030851027116514,0,905.0,1065
21.07349047604594,0.3524898186861132,0,0,2.2808843450836402,1,1226.0,1165
29.37469488372674,18.75475407141736,0,0,0.7897462486109829,0,1579.0,1013
30.70827123878747,1.2900921073769598,0,0,2.7762500103659895,0,883.0,885
12.594431110155625,3.2983414758964846,0,0,0.5660894640499213,0,939.0,1029
31.211636310092484,5.809810555345272,0,0,1.195076640897718,1,1045.0,1160
23.05720220313865,2.3657052554907967,0,0,1.0499306760048923,0,1069.0,1019
26.335592916355264,1.5612986420790267,0,0,2.2120454610719884,0,880.0,834
32.20082025835461,1.8440921939394495,0,0,2.2119080477106734,0,941.0,951
23.667570235457166,8.64734325986562,0,0,2.4612543429402014,1,956.0,1072
27.726365348785418,5.707293631465554,0,0,1.1548513261916176,0,1034.0,970
20.264962227085494,2.8825112982950496,0,0,0.6812733896646289,0,1029.0,960
17.804883447934753,1.3382255668450083,0,0,0.635099840226308,0,1155.0,881
22.839071788599526,5.204243106032811,1,0,2.2295681186777125,1,1177.0,1471
13.86909015368789,4.38737675316651,0,0,2.8008518055293297,1,1095.0,972
25.081767078918894,7.288535998083193,0,0,2.742700353319179,0,1045.0,919
10.170893411473372,2.4026438269667887,0,0,2.8756279099445425,0,1207.0,846
15.69656545156021,4.505830153762343,0,0,2.8292010958999527,1,1226.0,1071
18.53637269029808,2.3938535968838037,1,0,2.777787645818919,0,851.0,1356
25.29633914513223,12.429143287881804,0,0,2.391721589163085,0,878.0,797
32.24604173795295,3.838339560373414,0,0,2.0814376270278343,0,1090.0,877
10.644912205197064,1.6385094245833094,0,0,1.3810224110787614,0,1249.0,937
19.65557881389742,6.9684898637820485,0,0,0.9979546690179991,1,1457.0,1291
12.80442355170183,5.301333419641713,1,0,0.5034460200456485,1,1082.0,1496
21.808027203341148,9.665090483113651,0,0,2.982504687467829,1,1185.0,1016
32.02838727571118,2.60675774809672,0,0,2.0230639017732215,0,1292.0,987
27.26780471459697,0.2804056284727325,0,0,1.6541855646327286,0,1031.0,932
10.775467012921672,3.299214089429193,0,0,2.0634419566072815,0,925.0,851
21.471574845657162,1.546912943529895,1,0,0.7934932843246333,0,1152.0,1388
17.57636683716917,2.4531509122736885,0,0,1.277322661315485,1,909.0,1017
12.301491095815155,4.338081766723582,0,0,2.651632779883536,0,1139.0,900
28.712762863933204,7.522598434785776,0,0,1.9185675896904724,0,1285.0,995
21.818072550119044,9.037363678510994,0,0,2.5336688389051654,0,1010.0,942
13.600914014435372,2.2771950540113792,1,0,0.9223178386994453,0,1004.0,1227
31.234948104126428,4.534419192507801,1,0,1.414115989612582,0,1463.0,1337
14.621828631418431,13.185843267754569,0,0,2.9867395677837227,0,968.0,1034
25.167673775768325,6.368405934181912,0,0,2.1218330474611076,1,1136.0,1156
25.77480313977219,5.9503137753184685,1,0,1.5722593249378565,0,1341.0,1346
28.907337736209143,1.3319177064988992,0,0,2.4403498287666867,0,1053.0,836
13.948551156609565,4.083386789281395,1,0,2.2059073722587246,0,1048.0,1287
28.186283515647307,2.2144392463315676,0,0,0.9930854898116567,0,1062.0,916
16.09437916596971,5.254321442918454,0,0,1.1964352034895356,0,1001.0,952
25.410763747209742,0.924964839202931,0,0,2.0220596528980113,1,1239.0,1342
33.03395081545794,6.77788698615474,0,0,2.6041934541216736,0,930.0,1003
33.27030537209078,1.503859907470332,0,0,2.607633859816284,1,1053.0,1127
13.979069209997238,1.292743820371143,0,0,1.9910300067703859,1,1337.0,1239
14.836032613397235,16.433794321228717,1,0,2.234666539713001,1,1391.0,1340
31.572966296024738,26.785984280926737,0,0,2.6553168128884352,0,965.0,941
22.961664954831846,14.020473902393952,0,0,2.7532976353537295,1,1080.0,1105
32.525732232380776,14.81131801136729,0,0,2.8754768831904207,0,1110.0,907
18.76645494243541,6.274840283625778,0,0,2.806554317984504,0,1222.0,956
28.600897854699628,10.15292059873369,0,0,2.467771240015597,0,966.0,857
27.523592715724572,0.04507548906411417,0,0,0.9360140282943733,0,891.0,953
20.286888766578855,7.153997212143758,0,0,0.5771479568317779,0,1496.0,981
16.467710484706643,5.5492596284570626,0,0,2.844893810190389,1,1222.0,1047
15.376354483018883,0.09171301598609291,0,0,1.4623308642971646,0,886.0,956
32.79200548102631,3.391392135574537,1,0,0.9008132338774938,0,1292.0,1300
30.536414981508173,1.038873471452633,0,0,2.4407312051749606,0,1064.0,935
13.968021814146935,10.345315535298226,1,0,1.7818034757258359,0,1156.0,1316
14.859388293886983,3.619165335413825,0,0,2.628512239980254,1,1009.0,1091
33.278785196892414,0.9832989157632855,0,0,2.4361640576708057,0,900.0,988
21.274156794374427,2.165229928130495,1,0,0.6592171030231703,0,1236.0,1211
19.025181779849248,4.267748806264145,1,0,2.8989515653886184,0,1073.0,1057
30.615234047644265,5.822517777499792,0,0,2.9339126702030125,0,1077.0,802
14.004719770722183,7.555323703863241,0,0,1.9653466176519172,1,1057.0,1080
33.2384995491781,0.2456639440089659,0,0,1.1120504337904296,0,979.0,1031
15.339293127089721,1.5395122118956248,1,0,1.8226546277135978,1,921.0,1393
19.587880779238155,5.030254816192872,0,0,2.2595840432365497,0,876.0,904
12.644921905827392,16.744399304850177,1,0,2.497904279342006,0,937.0,1306
26.883383659437783,6.298753201299922,0,0,2.1274774543448514,0,955.0,973
16.583716410954256,0.955703956642015,0,0,1.9523096920982412,0,971.0,1020
22.30885280018967,0.39266433431669845,1,0,1.1907379423020266,0,1282.0,1305
29.680368239981487,8.125564530276193,0,0,1.3337925166579674,0,1315.0,1054
27.76916518033987,2.160029193409688,1,0,2.766718750516125,0,1097.0,1139
22.76781364177318,1.1318002840944172,0,0,2.5215984166968672,0,885.0,856
28.744320874239772,5.372730999791479,1,0,2.6076055059373235,0,1027.0,1258
21.873498197296108,15.787567017461342,1,0,2.092409327448739,0,1245.0,1270
16.76138788540837,4.6908597332238235,0,0,0.9091356296204264,0,1204.0,1006
23.361985101509774,5.473251169018978,0,0,1.1371358814099137,0,1278.0,1001
11.311821899239337,9.441784451772053,0,0,0.713908722183074,0,1152.0,1032
31.991951858754383,3.782358463123691,1,0,1.8565215568280156,0,952.0,1274
22.208323023261684,2.037564864184309,0,0,0.9416866851057001,0,994.0,975
24.467272342595265,23.397979380277203,0,0,0.7751100411207127,1,1492.0,1148
24.156807445865653,1.690943420468691,0,1,1.1867057280659004,0,1113.0,1014
32.26888609756356,5.147131683588807,1,0,1.5892938049084258,0,1643.0,1294
10.337611362012751,1.194133386286541,0,0,2.2305644970095733,0,912.0,934
23.169020458600194,2.928544992510773,1,0,1.7451684056679837,1,1274.0,1395
24.392028166100676,0.892841658349252,0,0,1.2628615760551007,1,1167.0,1057
27.215760098975384,2.770013782219576,0,0,2.7748503437570156,0,857.0,851
16.316430953594725,1.4309343523549265,0,0,1.1993123788019626,0,920.0,922
28.303205762663453,13.792407713981703,1,0,1.7292025987353525,1,1113.0,1537
31.711137380332623,1.9388108528943269,0,0,1.0070845949761655,0,932.0,915
10.367856055745063,26.6324052768963,0,0,2.4997641732902425,1,1234.0,1090
29.934039765754413,0.9777323238700659,0,0,1.9897670399278335,0,787.0,940
19.70269802409669,36.40844785326273,1,0,0.7193602681279473,1,1082.0,1450
18.519939196918287,0.650555436785051,0,0,2.4413245796390983,1,1084.0,1082
32.53792149474947,1.1604123234920871,0,0,1.6656108729466728,0,972.0,991
25.390330435015432,21.690427824990174,1,0,0.8124702546291229,0,1042.0,1328
14.306167702079758,2.977042560850849,0,0,2.8446092319716763,0,942.0,923
34.664949344121865,16.419202468835334,1,0,2.083443839678585,1,1306.0,1498
25.966907489842285,13.941738116904201,0,0,0.540393554670034,1,1170.0,1245
22.98294716817724,8.765351632597174,1,0,2.7586936180069226,1,1199.0,1381
18.690135459561716,2.212531348258841,0,0,2.1286450653659315,1,1171.0,1095
14.628746870547529,2.7446016631851022,0,0,2.0690012311218604,0,938.0,878
13.322772884061962,7.041849759361187,0,0,1.0721847962539737,0,1091.0,903
20.529911798235986,5.9694244347558225,0,0,1.879045168356522,0,1189.0,1048
14.269663944707444,4.614510414487616,0,0,1.5407013770667861,0,919.0,1083
30.530803349700026,3.5114213908541942,0,0,2.06058707031214,1,1176.0,1153
28.10990260394908,1.7621757664084914,0,0,2.039661706395072,0,1236.0,1040
10.260226091267073,5.114377618310387,1,0,0.5620819952929607,0,1180.0,1331
27.88276004636213,3.284234586716951,1,0,1.2492280091609875,1,1083.0,1643
29.65300281604642,13.247202902161803,0,0,1.1686017453339668,0,1196.0,988
32.16474356341574,0.8251049376053368,0,0,2.4979395042350667,0,1150.0,873
32.129236461977996,1.4581736177884572,1,1,1.0368766277021084,0,1200.0,1213
13.916972254816494,3.7375679955823236,0,0,0.5989285179786125,0,988.0,1091
32.17862623815928,4.377822530754893,1,0,1.2346460415587468,0,1267.0,1160
19.475249680831134,5.677989622752299,0,0,2.6846659579853385,0,916.0,865
19.12831114486928,9.712407093853212,0,0,2.698221358537995,0,932.0,871
24.65136892206099,6.372634182886543,1,0,2.0985793590344084,0,1289.0,1214
17.84868753205546,5.72710103400222,0,0,1.065493693525779,1,1395.0,1164
24.418722426813382,10.092429884367991,1,0,1.0617326879613695,0,1328.0,1338
24.692672129604848,2.213252232114607,0,0,2.8547482282077223,0,1497.0,933
10.596118376640645,4.883687175738126,0,0,0.822949663884327,0,945.0,1017
24.5165708429533,4.12450114563807,0,0,2.908403649111056,0,1248.0,961
12.300208485319832,2.2900416408831754,0,0,2.8589465678078665,1,1090.0,1153
10.665509199186829,4.095568581484157,0,0,2.296136364919122,0,922.0,842
22.989235503602128,0.8927928909484104,1,0,1.3082646594769938,0,931.0,1280
13.568825059214001,8.708058565342405,0,0,0.6238384542742368,0,900.0,979
32.96249965505649,17.42804642045892,1,0,2.810396788239916,0,915.0,1111
23.59180544353782,0.3659039599734632,1,0,1.0871884542817871,0,930.0,1271
25.40910748565885,1.35169702166053,1,0,2.6141691355526167,0,1003.0,1165
18.264404090811652,3.3685117488650675,0,0,1.7609127733570777,0,839.0,892
25.243360638536586,5.482776321330617,0,0,2.2024902952290826,1,1162.0,1096
17.910018743705546,4.240949606557764,0,0,1.63103675325822,0,922.0,1045
24.269915074488903,2.3049183474034254,0,0,1.3893584971001984,0,987.0,1011
12.544298792737548,1.2232743152281387,0,0,1.3296029466894064,0,1257.0,990
15.033205837409923,10.096918724324507,1,0,1.0209017915646643,0,1341.0,1315
17.150959608218233,3.6757626355147095,0,0,0.9835430032152329,0,1521.0,1055
20.83067239618671,2.2680060642065927,1,0,1.4629975807986701,0,1274.0,1303
17.538348579275652,0.7992910296101687,0,0,1.537068235324873,1,1138.0,1223
28.747905671475284,17.129648332509134,0,0,2.738838839857932,0,1065.0,996
24.51839428698922,5.396350161455464,1,0,1.6901362006691494,0,1590.0,1299
18.95409785706344,1.57164027276238,0,0,1.6916962129243864,0,919.0,953
13.281011018224897,0.11862883065536774,0,0,2.459098558579169,1,1274.0,1096
30.796903312691324,1.0023507735480777,1,0,1.35976531536433,1,1190.0,1535
28.22935370922217,0.11324338059518751,1,0,2.3608195981435105,0,1137.0,1268
25.171892504106665,11.67903608560798,1,0,1.956092612445231,0,848.0,1297
13.094371660960462,2.68587032469563,0,0,1.2280055631518987,0,1152.0,941
19.791457400303663,3.692478358188257,1,0,2.089084203675702,1,953.0,1433
26.460325636279325,3.233665743470628,0,0,1.8561825104334002,1,1177.0,1247
27.235981964149587,2.6748806141468746,1,0,2.2440033749670207,0,1129.0,1248
28.76859469263727,4.9469525715758,1,0,1.501435433493948,0,1508.0,1275
10.110842203803434,18.96205245357401,0,0,2.2977490977558572,0,902.0,919
13.745075775429251,1.1373271350773273,0,0,1.5504261018388634,1,1205.0,1236
11.695494549617102,1.9288343955498808,0,0,1.8012727179939558,0,1414.0,1010
32.353643491603364,9.462859390826814,1,0,2.8565032999555977,0,1326.0,1169
16.557472093530045,16.15157660826213,0,0,2.0861282121138016,0,1346.0,955
19.69857739918072,2.732884588260296,0,0,2.5998268715950794,0,1248.0,1026
13.293641942747863,1.8814462523228026,1,1,1.958373288793032,0,1111.0,1379
18.008071486725733,3.576149523540766,0,0,1.3310677226899026,0,1022.0,907
20.46686922234766,11.500581700128944,0,0,2.502386655077008,0,1248.0,914
33.11864471247843,5.709019196212446,0,0,2.021746956494783,0,878.0,962
29.450637594475236,0.8989680672549788,0,0,2.6363680050236606,0,951.0,901
31.51018150812451,3.2755964981149703,0,0,0.5115913361515626,1,1552.0,1165
31.952900442252137,3.5032497638483306,0,0,1.3333816971886865,1,1527.0,1349
14.800920614046023,3.0586409995190627,1,0,2.85439499979652,0,1212.0,1298
17.796774925568727,1.1892379736856151,0,0,1.3651156331218228,0,1185.0,1037
23.557216762887006,1.3521364938480636,0,0,2.250733986948035,0,1174.0,875
17.46748660174347,4.066581049439074,0,0,0.5896351451380931,0,1262.0,960
31.112474951112013,1.3232632712700183,0,0,2.1020108102265125,0,1210.0,980
23.49526973969879,3.8177634212586953,0,0,2.6491530196517106,1,1307.0,1090
15.747666824140163,7.782337039837339,0,0,0.9045603227634923,0,860.0,946
24.325802143930872,4.273055971913633,0,0,0.7988811738756059,0,900.0,985
33.76689761149407,8.130987903164744,1,0,2.1884402447516207,0,877.0,1082
30.809695058234734,12.641939200753585,1,0,1.7279517670121431,0,1356.0,1292
11.442790029738012,2.425055065899283,0,0,1.021803523924969,0,1390.0,954
10.48273398304147,9.0548634592221,0,0,2.820911729840483,0,953.0,920
29.201671325137564,8.766831702322765,0,0,1.605383396062546,1,1182.0,1170
31.429367411915898,2.0207339654516794,1,0,2.3904525484478834,1,1202.0,1478
17.301965659158718,0.29033271327319565,0,0,1.4881620126167487,0,1264.0,920
16.428676054973064,4.077782403728544,1,0,1.2689791886363184,0,1086.0,1420
31.24918972364187,5.606288786190715,0,0,0.9275834965141533,0,954.0,920
34.056800463344956,4.378308741475977,0,0,1.231728319767837,0,1234.0,945
26.954933034017703,7.358530420096514,0,0,2.9296680708399037,1,965.0,1123
11.287834327024036,0.4399682425256945,1,0,2.995214358082633,0,1287.0,1134
20.666585663978957,5.024960987590629,0,0,2.083681147193481,0,950.0,899
25.703010760728688,1.6547335232363287,1,0,1.4500243134692645,0,1204.0,1370
34.900866819553414,3.001410662680705,0,0,1.5308964428342335,0,1004.0,946
16.678168463833206,4.416123545524643,0,0,2.479108646004191,0,886.0,845
23.325210096488604,11.954316776906076,0,0,2.4800893308234015,1,1205.0,1236
31.412275231156098,1.7635563140029988,0,0,0.7193285950375357,0,1023.0,997
19.60960118967478,2.9349733968727474,0,0,1.2272905053878391,0,948.0,973
19.020793913214007,2.361289137695008,1,0,2.693644991936885,0,1149.0,1124
28.957162760029345,12.831811639107906,0,0,1.7700698261399435,0,1052.0,983
31.03165592266597,2.1571337379037034,0,0,0.785794252664606,1,1282.0,1210
15.433738571154805,4.121498166191604,0,0,0.8282340887697254,1,1006.0,1163
34.38666895892919,11.459396526810599,0,0,1.0624007400073268,1,1116.0,1201
29.556262978324593,2.53864152779241,1,0,2.4365166429056107,0,950.0,1097
25.626284274836166,8.83781583224059,1,0,0.7176188027257827,0,1383.0,1239
30.487804404667333,4.291396183095096,0,0,2.1220535293159113,1,1394.0,1029
17.893249004021648,2.177364784164047,0,0,0.879618209689324,1,984.0,1317
22.92501313760232,0.10936495091605816,1,0,2.102645704789934,1,1537.0,1492
23.70176704807052,3.2405351357585315,0,0,2.2896393026116093,0,979.0,890
12.446571663091287,0.2659965022299212,1,0,0.6410957767599657,0,946.0,1366
33.34639049501098,2.7452905438431445,0,0,2.931051766205429,0,998.0,921
28.07629531248302,0.7095327137923667,0,0,1.843656465426423,0,975.0,879
30.488835035225804,3.5761891064543825,0,0,2.918982942566204,0,971.0,854
13.502850459675667,2.821439521038492,0,0,1.4439280290326346,1,918.0,1189
17.82756488617128,4.068773422291072,0,0,1.669169687397547,0,1501.0,816
13.98991390801989,21.90697974268832,1,0,1.7141090224162205,0,1011.0,1286
22.977908615440256,6.1915246740849135,1,0,2.8218909218301818,0,937.0,1255
18.83151709415936,9.389436901526247,0,0,1.2770655562603692,1,1243.0,1177
22.06855968460948,6.298849649029461,0,0,1.8152994418395922,0,990.0,950
13.119067173182625,7.59033241261047,1,1,0.8603659129220048,0,1199.0,1359
24.795636961277822,15.757696670679003,0,0,1.1275321397610645,1,1153.0,1113
21.718444979596732,2.719083239122919,0,0,2.1848445688178737,0,901.0,876
27.66770598204673,6.957590603841081,1,1,1.5656079448847566,1,1032.0,1578
25.759297327757302,0.9222206869646438,0,0,0.9643304198642499,0,988.0,948
21.003108761863196,8.782317614566185,0,0,1.0865220514697347,0,914.0,1055
11.287528896853724,8.377313717182009,0,0,0.8831890418265049,0,933.0,1026
15.365469593819821,0.326345538764398,1,0,2.35370878327129,0,1366.0,1324
25.633537592795633,4.257979117867104,1,0,0.5607234042417915,0,898.0,1286
13.861390511387913,4.693826430867088,0,0,0.7377114796641836,0,969.0,873
22.093743889283054,0.37447396443999637,0,0,0.6500962518705982,0,1042.0,993
20.019737415284744,8.435777665483435,0,0,1.450564981539549,0,1045.0,1027
29.98753034288579,3.4282750107959963,0,0,1.1216834445440398,0,920.0,1052
25.390096037725097,2.974925312799611,0,0,2.1790028821565786,0,930.0,902
29.316209777933956,13.927856725876126,0,0,1.3815527179110383,0,1238.0,942
20.673867696605527,10.470492641709372,1,0,2.3381941484394515,0,910.0,1118
34.27234377730575,14.003559067522882,0,0,1.3667979770054646,0,1149.0,995
24.65658180252245,1.7029697367552343,0,0,1.2933129397556826,0,960.0,1041
20.938452266997576,0.26710977750425535,1,0,1.8425649875249077,0,915.0,1204
22.93146493744791,5.0259147289592585,0,0,2.208896141221462,1,899.0,1129
20.791151735835918,15.19241256250128,0,0,1.952245452764691,0,1014.0,856
31.944664378336597,18.31666364635685,0,0,2.1845079420157236,0,990.0,937
30.283976477084455,9.182507164728928,1,0,2.8502028875222862,0,936.0,1128
34.74024537171729,9.955740024826223,0,0,1.2344573579993665,0,914.0,1001
16.233554012063674,2.4343815322570155,0,0,2.1816649108213064,1,842.0,1095
26.984205410668782,5.444319764613855,0,0,0.7391573969622846,0,935.0,938
18.794735526009298,4.09616474520249,0,0,1.7172041039797956,0,1294.0,900
33.011900883037605,0.8505931027400981,0,0,0.8817692665332009,1,803.0,1308
10.182401356033415,1.9910641577624946,0,0,2.926870634828421,0,933.0,880
25.72897297076716,3.8878406763432944,1,0,1.9067115950089573,0,1137.0,1263
31.650026074238045,1.5152335455489807,0,0,0.8233372161492141,0,1016.0,955
12.655340507690068,5.106521586023396,0,0,1.1229305818259403,1,1204.0,1281
34.552218161124706,7.45390092207575,0,0,2.6921995419538916,0,1017.0,750
30.04423217538744,4.42831527747615,0,0,2.704491916772883,0,940.0,989
19.850908150848994,4.546704783789135,0,0,1.4567970500231087,0,1350.0,947
22.362853109588166,1.1377935212327295,1,0,0.863035989631482,0,1013.0,1190
16.323436412492093,4.018004407038573,1,1,2.7664920354304567,0,1301.0,1198
12.491777530546138,3.4153799404509355,0,0,0.5628225785928828,0,914.0,1064
10.490485809920251,1.070259511392049,0,0,0.5871028526501723,0,1588.0,1085
29.288768529081853,0.0691478012122688,0,0,0.5380926936437825,0,967.0,1032
15.062941809540835,7.3986734740206375,0,0,2.270526109670673,0,909.0,940
24.88930007615462,3.9010740571821034,1,0,1.7194534885802972,1,1262.0,1415
23.851905802086076,3.584323067284812,0,0,1.7469533628689233,0,928.0,868
25.32274795589001,2.2483155139920155,0,0,0.8722707233941301,0,995.0,955
24.318169615154833,12.747399005570315,0,0,0.7880281264922852,0,1341.0,953
26.11808941681557,1.885677701723441,0,0,1.8564797396444395,0,983.0,878
20.318339061146673,5.977903557264392,0,0,2.3903354820915594,0,1246.0,922
15.399564865776398,1.1501990228376335,0,0,2.0201806899642745,0,1016.0,967
33.851350866734506,15.250018647515676,0,0,0.7850611667839136,1,1475.0,1257
25.312103059625695,1.5262517876334725,0,0,2.5274379837011143,0,983.0,803
27.547946154308228,6.648704914628368,0,0,1.188152897532526,0,1124.0,914
31.979138487747246,2.237529864048362,1,0,1.6711302614178112,1,1133.0,1486
11.384030057073085,1.7320866887712703,1,0,0.6595399846576651,0,865.0,1351
18.287260881604418,18.083048871241672,1,0,2.137232427746458,0,950.0,1204
22.023150694935932,7.960077464648425,0,0,2.8352957378477437,1,1408.0,956
11.651328957685699,0.9244878022952132,0,0,2.199813232230164,1,927.0,1042
20.673275961955895,7.688416584112848,0,0,1.3556930209078701,0,1193.0,922
13.42569062783815,0.3025118989809472,1,0,1.1629732288189696,1,1190.0,1466
11.433920542476866,2.1210243954286936,0,0,2.5341497001112967,0,878.0,810
33.00366967674172,0.9542381484773392,1,0,1.126210090413168,0,1020.0,1434
34.807301380818146,13.175846531669118,0,0,2.5362290483457395,0,951.0,898
10.769083168989045,3.0005251155451154,1,0,0.7893910698215875,0,829.0,1387
22.363925522115803,0.9618124762217871,0,0,1.777277354164295,0,866.0,1077
31.602443099134767,4.091418414342481,0,0,1.196976914172438,1,1291.0,1119
19.249912298271134,2.0763553796251046,1,0,1.4888202437379003,1,1553.0,1538
25.02738566428996,4.835392203059678,0,0,1.8060536741824311,0,967.0,964
16.108515343807923,21.783892165314427,0,0,1.33160295968298,0,937.0,972
10.982206986151837,3.426926040877948,0,0,1.546501480401989,1,1013.0,1149
27.24999400223005,0.38902264128365566,1,0,2.6578627172450933,0,1286.0,1156
31.07504215046682,23.256814675494564,1,0,2.782916018480692,1,1550.0,1414
24.52090512699254,1.4320360595360981,0,0,2.1690715200602115,1,1061.0,1114
13.804371950185494,21.205631944937934,0,0,1.3480311634345061,0,995.0,1014
33.42503591103071,1.753808792978302,0,0,1.0548674724525038,1,950.0,1259
32.29287301417628,0.5089214342669044,1,0,1.244671465568362,0,943.0,1268
10.821693444725371,3.575645226214728,0,0,0.8974728655035432,0,1263.0,1016
16.04738747294108,0.08386041759951489,0,0,2.2416524311374246,0,954.0,989
34.41984434159146,11.399836105811092,1,0,0.8712120041749453,0,1205.0,1368
16.300239556727387,5.881653571106331,0,0,2.1661217190683213,0,953.0,950
34.19750728007096,6.415721447071171,0,0,1.949591491301957,0,880.0,916
34.662927407890585,1.2580453415806434,1,0,2.440795695327564,1,1003.0,1391
22.252505783558888,3.603898877768585,0,0,1.5570932476262542,0,1231.0,886
26.56742628045001,16.804727464299585,1,1,1.3155478612566815,0,1341.0,1321
17.155711126910248,5.567430033561757,0,0,2.4440011713808856,0,1213.0,900
28.37147199471609,11.02192986290712,0,0,1.8451243997096691,1,1414.0,1223
20.170017529740086,0.8395550056768651,1,0,1.8058332314066994,0,1044.0,1272
14.808290895790893,2.113406129165842,0,0,1.30895687869379,0,1270.0,1011
15.281038942799418,2.8929254981900243,1,0,0.7087547210632229,0,1271.0,1350
29.615191745906937,1.1450172468490811,1,0,2.526849206332265,0,1024.0,1224
16.34484065840295,5.030141991248442,0,0,1.8145669368409925,0,1204.0,904
23.787806129166192,0.07990181905360134,0,0,1.6487081678583415,0,1161.0,932
15.4650686212835,9.716519954037167,1,0,1.871179701151081,0,1145.0,1179
21.216815102156374,7.211330523598717,0,0,2.834116120331733,1,1040.0,1175
18.816832970547203,0.3914700676223877,0,0,1.3264286518316886,0,1169.0,991
28.23311647294358,2.0702275011026976,1,0,0.9285834751127098,0,1219.0,1262
10.625317247956971,5.082845307133005,0,0,0.5331396377787072,1,948.0,1170
25.045459639061967,10.979373957018215,0,0,2.8501208652789343,0,1277.0,901
32.81716922729751,1.7964097899346556,0,0,2.623623059539348,0,1040.0,950
30.167543877358668,6.4774438027506935,0,1,2.226329712794336,0,1161.0,841
11.056598349973612,6.290589761412995,0,0,0.5300386555054154,1,1089.0,1274
34.38152631530397,4.5733200090647905,1,1,1.4961793861947226,0,1190.0,1245
33.236059741146704,1.9075665811164382,0,0,1.8740460523166356,0,971.0,943
31.231844691529574,4.900982281101731,0,0,2.7172523599829908,0,1299.0,796
15.08654578804494,3.056183439776836,1,0,1.3025812278365965,0,886.0,1261
12.71902599252662,3.830066319203102,0,0,2.2957429545378703,1,1183.0,1105
34.297165754229674,2.902871084460619,1,0,1.3664522572996587,1,1364.0,1552
20.81955387096494,0.18343662990212833,0,0,0.5421216976118448,1,1189.0,1204
27.355563359198364,3.170597263933862,0,0,0.9236136406952229,1,1442.0,1171
18.56991421085857,9.613567201052883,0,0,2.1318255275169538,0,841.0,948
24.756056785732454,0.35951135634372533,0,0,1.6731470339392311,0,816.0,1052
20.386033601349524,5.18096307612789,0,0,2.3961957150272903,0,925.0,950
27.0729442471748,1.3216106561252203,1,0,1.9749972049119673,0,1002.0,1255
16.52441547794693,1.0875719787138824,0,0,1.0187617761403431,1,1083.0,1332
25.370655034545624,4.422889368150929,0,0,2.1918895631457143,0,1299.0,863
11.132829818210205,2.2827727889731158,1,0,1.2175278981273507,0,1033.0,1232
18.382303782258226,1.4844638684939802,0,0,1.7082622473855442,1,1055.0,1071
20.432611904852145,6.632755272362962,1,0,1.0561058386722122,0,1308.0,1341
16.01013248414185,7.705940672043923,0,0,1.6324978007365698,1,1001.0,1222
15.165781689968924,6.523341054742095,0,0,0.8014822553725641,0,1370.0,983
32.202037258226774,3.344928135763941,0,0,0.8045057503931275,0,1032.0,1137
16.730929107592996,3.652866237538003,1,0,2.2404256217479452,0,1372.0,1116
34.13018343766216,1.4540648518955024,1,0,1.4491769268607393,0,1029.0,1326
21.995453483801697,0.8681362402211876,1,0,0.9769522994519594,0,952.0,1202
31.43596390163898,5.936711624898843,0,0,2.515276850638411,1,1003.0,1098
21.878233929490563,4.1843521880751124,0,0,0.8235763310708868,0,983.0,1035
22.694699779193567,5.065451874515573,0,0,1.6951502582605233,0,904.0,933
32.4817812079928,1.5354910544848126,1,0,1.1137695333136575,1,1223.0,1612
15.525698899530074,2.4876911386128016,0,0,2.0042433620866897,0,1262.0,918
15.145985838876037,6.3679558740298265,1,0,2.606946479428382,0,885.0,1270
21.36670321111074,0.7712028126946886,1,0,0.8272277594619489,0,904.0,1343
10.21818075616801,3.547605888213612,0,0,1.639835823780368,0,936.0,978
28.380665254924605,3.415839096356275,0,0,0.6493136943048237,1,1210.0,1258
23.53188176725008,3.0869191041424617,0,0,1.8398527709566284,0,897.0,1044
32.82889824676817,6.5597237867444065,0,0,1.3131390133768746,1,1254.0,1167
32.17632746734417,12.127446881908332,0,1,1.7575583093326148,1,1096.0,1177
29.628837296317666,3.5784751754122395,0,0,0.6089989247092035,1,1141.0,1083
27.710844100924668,1.438316428901538,0,0,2.5551992675043254,0,903.0,897
31.902889215586125,0.5586775512054319,1,0,0.7026781855660887,0,957.0,1219
20.664503543870982,1.0873120760028658,0,0,0.7186316566396563,0,1134.0,979
16.22127615266295,2.600382488568102,0,0,1.1437846251158468,0,1001.0,967
15.13162283465018,1.709312807871741,1,0,0.559833207018229,0,1114.0,1245
14.150638744238305,0.5433197546347451,1,0,1.7560055260007577,0,1067.0,1127
15.78691053079244,3.1990182068508344,0,0,0.8170442341033765,0,967.0,1034
32.63001297187964,0.87443949981056,0,0,2.1146061758373467,0,879.0,990
15.898773435911803,3.1354162486146087,0,0,2.4832125538992793,1,1163.0,1003
17.25806182385793,1.6998792535182028,0,0,2.7624169725609677,0,896.0,951
11.086803044844075,4.726374039882342,0,0,2.572291975178569,0,987.0,897
29.91264582865562,1.7729920473353973,0,0,1.6317032983067485,1,1259.0,1126
17.548771213349745,1.528967169783919,1,0,0.8764743392394676,1,985.0,1590
21.85669005718387,2.4478959201926895,1,0,0.9587675814135185,0,1129.0,1341
13.998374419369735,3.946696451090843,1,0,1.471860531022409,0,934.0,1274
14.212969603455381,4.959319165122068,1,0,2.791731606426572,0,1326.0,1193
21.381880666051366,0.00048780003584861166,1,0,0.5868146667982042,1,1153.0,1531
21.89209218637266,8.039804153684988,0,0,1.4777972327824456,0,993.0,930
31.12333002769362,5.87604194369919,1,0,1.6292146048387068,0,862.0,1227
20.97917720912321,5.1798117089181686,0,0,1.0732215284200675,0,883.0,1023
16.036833540976254,0.5017543977219131,0,0,2.235966149328431,0,842.0,911
30.9543391385114,7.8668555738590005,0,0,0.8831882595269194,1,1192.0,1264
30.732898797577676,2.2298696170519317,0,0,2.00377096861559,1,884.0,1146
17.967367385547384,1.215475217814789,1,0,2.779107409067145,0,1204.0,1228
25.21388698410076,5.351036188452319,1,0,2.92309597958176,1,1255.0,1414
32.7751465421171,8.277582089027307,0,0,2.9575165308322653,1,944.0,1028
30.46235082464978,1.1392760267757445,0,0,2.003132812091843,0,908.0,879
25.040615127356208,7.27125964013319,1,0,2.983249759533202,1,1531.0,1333
31.50025909765875,1.928691432679919,0,0,1.0885596214543318,0,881.0,973
23.065006162058836,2.5995676075709784,0,0,1.4451335581631901,0,931.0,979
10.648730031596983,2.3461372879876135,0,0,1.2035979279670954,0,1079.0,988
30.704934498049322,17.680203442140318,0,0,1.8485644551604823,0,1274.0,1004
31.31823682512207,1.3604661466773509,0,0,1.4085383178500006,1,1112.0,1067
25.337681887432588,6.212405717367777,1,0,1.5251097532478228,1,1258.0,1550
16.055031193196072,2.559980179038892,1,1,2.08401565523498,0,1150.0,1175
22.47758486711342,8.478846920429582,1,0,1.1718084584245223,0,1224.0,1260
34.388678589909965,6.526771885663731,0,0,2.368496966452824,0,950.0,837
27.54309938633738,0.951881127924562,0,0,2.3322822966439105,0,959.0,949
10.064606794077058,0.5517936052624074,1,0,1.1622561612084938,1,1293.0,1493
21.648289309617322,0.5062089509276992,0,0,1.0598022103322404,0,885.0,886
